Function,Start
main,2025-10-16 13:44:30
load_links,2025-10-16 13:44:30
worker,2025-10-16 13:44:30
worker,2025-10-16 13:44:30
worker,2025-10-16 13:44:30
worker,2025-10-16 13:44:30
worker,2025-10-16 13:44:30
worker,2025-10-16 13:44:30
worker,2025-10-16 13:44:30
worker,2025-10-16 13:44:30
worker,2025-10-16 13:44:30
worker,2025-10-16 13:44:30
parse_product,2025-10-16 13:44:32
parse_product,2025-10-16 13:44:32
parse_product,2025-10-16 13:44:33
parse_product,2025-10-16 13:44:33
parse_product,2025-10-16 13:44:35
parse_product,2025-10-16 13:44:36
parse_product,2025-10-16 13:44:36
parse_product,2025-10-16 13:44:37
parse_product,2025-10-16 13:44:37
parse_product,2025-10-16 13:44:39
parse_product,2025-10-16 13:44:48
parse_product,2025-10-16 13:44:51
parse_product,2025-10-16 13:44:52
parse_product,2025-10-16 13:44:55
parse_product,2025-10-16 13:44:57
parse_product,2025-10-16 13:45:03
parse_product,2025-10-16 13:45:03
parse_product,2025-10-16 13:45:08
parse_product,2025-10-16 13:45:08
parse_product,2025-10-16 13:45:08
parse_product,2025-10-16 13:45:12
parse_product,2025-10-16 13:45:13
parse_product,2025-10-16 13:45:14
parse_product,2025-10-16 13:45:14
parse_product,2025-10-16 13:45:18
parse_product,2025-10-16 13:45:18
parse_product,2025-10-16 13:45:18
parse_product,2025-10-16 13:45:18
parse_product,2025-10-16 13:45:26
parse_product,2025-10-16 13:45:26
parse_product,2025-10-16 13:45:28
parse_product,2025-10-16 13:45:29
parse_product,2025-10-16 13:45:29
parse_product,2025-10-16 13:45:29
parse_product,2025-10-16 13:45:29
parse_product,2025-10-16 13:45:29
parse_product,2025-10-16 13:45:32
parse_product,2025-10-16 13:45:35
parse_product,2025-10-16 13:45:35
parse_product,2025-10-16 13:45:36
parse_product,2025-10-16 13:45:38
parse_product,2025-10-16 13:45:38
parse_product,2025-10-16 13:45:38
parse_product,2025-10-16 13:45:40
parse_product,2025-10-16 13:45:41
parse_product,2025-10-16 13:45:41
parse_product,2025-10-16 13:45:41
parse_product,2025-10-16 13:45:42
parse_product,2025-10-16 13:45:44
parse_product,2025-10-16 13:45:46
parse_product,2025-10-16 13:45:46
parse_product,2025-10-16 13:45:48
parse_product,2025-10-16 13:45:49
parse_product,2025-10-16 13:45:49
parse_product,2025-10-16 13:45:50
parse_product,2025-10-16 13:45:50
parse_product,2025-10-16 13:45:50
parse_product,2025-10-16 13:45:54
parse_product,2025-10-16 13:45:55
parse_product,2025-10-16 13:45:55
parse_product,2025-10-16 13:45:55
parse_product,2025-10-16 13:45:59
parse_product,2025-10-16 13:45:59
parse_product,2025-10-16 13:46:00
parse_product,2025-10-16 13:46:00
parse_product,2025-10-16 13:46:00
parse_product,2025-10-16 13:46:02
parse_product,2025-10-16 13:46:04
parse_product,2025-10-16 13:46:04
parse_product,2025-10-16 13:46:04
parse_product,2025-10-16 13:46:04
parse_product,2025-10-16 13:46:08
parse_product,2025-10-16 13:46:08
parse_product,2025-10-16 13:46:08
parse_product,2025-10-16 13:46:08
parse_product,2025-10-16 13:46:08
parse_product,2025-10-16 13:46:11
parse_product,2025-10-16 13:46:11
parse_product,2025-10-16 13:46:12
parse_product,2025-10-16 13:46:12
parse_product,2025-10-16 13:46:12
parse_product,2025-10-16 13:46:15
parse_product,2025-10-16 13:46:15
parse_product,2025-10-16 13:46:16
parse_product,2025-10-16 13:46:16
parse_product,2025-10-16 13:46:16
parse_product,2025-10-16 13:46:16
parse_product,2025-10-16 13:46:21
parse_product,2025-10-16 13:46:21
parse_product,2025-10-16 13:46:21
parse_product,2025-10-16 13:46:21
parse_product,2025-10-16 13:46:25
parse_product,2025-10-16 13:46:25
parse_product,2025-10-16 13:46:25
parse_product,2025-10-16 13:46:25
parse_product,2025-10-16 13:46:27
parse_product,2025-10-16 13:46:28
parse_product,2025-10-16 13:46:29
parse_product,2025-10-16 13:46:29
parse_product,2025-10-16 13:46:29
parse_product,2025-10-16 13:46:32
parse_product,2025-10-16 13:46:33
parse_product,2025-10-16 13:46:33
parse_product,2025-10-16 13:46:33
parse_product,2025-10-16 13:46:33
parse_product,2025-10-16 13:46:33
parse_product,2025-10-16 13:46:39
parse_product,2025-10-16 13:46:39
parse_product,2025-10-16 13:46:39
parse_product,2025-10-16 13:46:39
parse_product,2025-10-16 13:46:42
parse_product,2025-10-16 13:46:42
parse_product,2025-10-16 13:46:42
parse_product,2025-10-16 13:46:42
parse_product,2025-10-16 13:46:42
parse_product,2025-10-16 13:46:42
parse_product,2025-10-16 13:46:46
parse_product,2025-10-16 13:46:46
parse_product,2025-10-16 13:46:46
parse_product,2025-10-16 13:46:46
parse_product,2025-10-16 13:46:46
parse_product,2025-10-16 13:46:50
parse_product,2025-10-16 13:46:51
parse_product,2025-10-16 13:46:51
parse_product,2025-10-16 13:46:51
parse_product,2025-10-16 13:46:51
parse_product,2025-10-16 13:46:56
parse_product,2025-10-16 13:46:56
parse_product,2025-10-16 13:46:56
parse_product,2025-10-16 13:46:56
parse_product,2025-10-16 13:46:56
parse_product,2025-10-16 13:46:56
parse_product,2025-10-16 13:47:03
parse_product,2025-10-16 13:47:03
parse_product,2025-10-16 13:47:03
parse_product,2025-10-16 13:47:04
parse_product,2025-10-16 13:47:06
parse_product,2025-10-16 13:47:07
parse_product,2025-10-16 13:47:07
parse_product,2025-10-16 13:47:07
parse_product,2025-10-16 13:47:10
parse_product,2025-10-16 13:47:11
parse_product,2025-10-16 13:47:11
parse_product,2025-10-16 13:47:11
parse_product,2025-10-16 13:47:11
parse_product,2025-10-16 13:47:11
parse_product,2025-10-16 13:47:16
parse_product,2025-10-16 13:47:16
parse_product,2025-10-16 13:47:16
parse_product,2025-10-16 13:47:16
parse_product,2025-10-16 13:47:16
parse_product,2025-10-16 13:47:21
parse_product,2025-10-16 13:47:21
parse_product,2025-10-16 13:47:21
parse_product,2025-10-16 13:47:21
parse_product,2025-10-16 13:47:21
parse_product,2025-10-16 13:47:21
parse_product,2025-10-16 13:47:26
parse_product,2025-10-16 13:47:26
parse_product,2025-10-16 13:47:26
parse_product,2025-10-16 13:47:26
parse_product,2025-10-16 13:47:26
parse_product,2025-10-16 13:47:30
parse_product,2025-10-16 13:47:30
parse_product,2025-10-16 13:47:30
parse_product,2025-10-16 13:47:31
parse_product,2025-10-16 13:47:31
parse_product,2025-10-16 13:47:34
parse_product,2025-10-16 13:47:34
parse_product,2025-10-16 13:47:34
parse_product,2025-10-16 13:47:34
parse_product,2025-10-16 13:47:35
parse_product,2025-10-16 13:47:38
parse_product,2025-10-16 13:47:38
parse_product,2025-10-16 13:47:38
parse_product,2025-10-16 13:47:38
parse_product,2025-10-16 13:47:38
parse_product,2025-10-16 13:47:42
parse_product,2025-10-16 13:47:42
parse_product,2025-10-16 13:47:42
parse_product,2025-10-16 13:47:42
parse_product,2025-10-16 13:47:42
parse_product,2025-10-16 13:47:42
parse_product,2025-10-16 13:47:46
parse_product,2025-10-16 13:47:47
parse_product,2025-10-16 13:47:47
parse_product,2025-10-16 13:47:47
parse_product,2025-10-16 13:47:49
parse_product,2025-10-16 13:47:50
parse_product,2025-10-16 13:47:50
parse_product,2025-10-16 13:47:50
parse_product,2025-10-16 13:47:51
parse_product,2025-10-16 13:47:54
parse_product,2025-10-16 13:47:54
parse_product,2025-10-16 13:47:54
parse_product,2025-10-16 13:47:54
parse_product,2025-10-16 13:47:54
parse_product,2025-10-16 13:47:58
parse_product,2025-10-16 13:47:58
parse_product,2025-10-16 13:47:58
parse_product,2025-10-16 13:47:58
parse_product,2025-10-16 13:48:02
parse_product,2025-10-16 13:48:02
parse_product,2025-10-16 13:48:02
parse_product,2025-10-16 13:48:02
parse_product,2025-10-16 13:48:02
parse_product,2025-10-16 13:48:05
parse_product,2025-10-16 13:48:05
parse_product,2025-10-16 13:48:05
parse_product,2025-10-16 13:48:05
parse_product,2025-10-16 13:48:06
parse_product,2025-10-16 13:48:09
parse_product,2025-10-16 13:48:09
parse_product,2025-10-16 13:48:09
parse_product,2025-10-16 13:48:09
parse_product,2025-10-16 13:48:09
parse_product,2025-10-16 13:48:13
parse_product,2025-10-16 13:48:13
parse_product,2025-10-16 13:48:13
parse_product,2025-10-16 13:48:13
parse_product,2025-10-16 13:48:13
parse_product,2025-10-16 13:48:17
parse_product,2025-10-16 13:48:17
parse_product,2025-10-16 13:48:17
parse_product,2025-10-16 13:48:17
parse_product,2025-10-16 13:48:17
parse_product,2025-10-16 13:48:17
parse_product,2025-10-16 13:48:20
parse_product,2025-10-16 13:48:20
parse_product,2025-10-16 13:48:20
parse_product,2025-10-16 13:48:20
parse_product,2025-10-16 13:48:23
parse_product,2025-10-16 13:48:23
parse_product,2025-10-16 13:48:24
parse_product,2025-10-16 13:48:24
parse_product,2025-10-16 13:48:25
parse_product,2025-10-16 13:48:26
parse_product,2025-10-16 13:48:26
parse_product,2025-10-16 13:48:27
parse_product,2025-10-16 13:48:27
parse_product,2025-10-16 13:48:27
parse_product,2025-10-16 13:48:27
parse_product,2025-10-16 13:48:30
parse_product,2025-10-16 13:48:30
parse_product,2025-10-16 13:48:30
parse_product,2025-10-16 13:48:30
parse_product,2025-10-16 13:48:30
parse_product,2025-10-16 13:48:32
parse_product,2025-10-16 13:48:35
parse_product,2025-10-16 13:48:35
parse_product,2025-10-16 13:48:35
parse_product,2025-10-16 13:48:35
parse_product,2025-10-16 13:48:38
parse_product,2025-10-16 13:48:38
parse_product,2025-10-16 13:48:38
parse_product,2025-10-16 13:48:38
parse_product,2025-10-16 13:48:38
parse_product,2025-10-16 13:48:38
parse_product,2025-10-16 13:48:43
parse_product,2025-10-16 13:48:43
parse_product,2025-10-16 13:48:43
parse_product,2025-10-16 13:48:43
parse_product,2025-10-16 13:48:43
parse_product,2025-10-16 13:48:47
parse_product,2025-10-16 13:48:47
parse_product,2025-10-16 13:48:47
parse_product,2025-10-16 13:48:47
parse_product,2025-10-16 13:48:47
parse_product,2025-10-16 13:48:47
parse_product,2025-10-16 13:48:52
parse_product,2025-10-16 13:48:52
parse_product,2025-10-16 13:48:52
parse_product,2025-10-16 13:48:53
parse_product,2025-10-16 13:48:56
parse_product,2025-10-16 13:48:56
parse_product,2025-10-16 13:48:56
parse_product,2025-10-16 13:48:56
parse_product,2025-10-16 13:48:56
parse_product,2025-10-16 13:48:56
parse_product,2025-10-16 13:49:01
parse_product,2025-10-16 13:49:01
parse_product,2025-10-16 13:49:01
parse_product,2025-10-16 13:49:01
parse_product,2025-10-16 13:49:03
parse_product,2025-10-16 13:49:05
parse_product,2025-10-16 13:49:05
parse_product,2025-10-16 13:49:05
parse_product,2025-10-16 13:49:05
parse_product,2025-10-16 13:49:05
parse_product,2025-10-16 13:49:08
parse_product,2025-10-16 13:49:09
parse_product,2025-10-16 13:49:09
parse_product,2025-10-16 13:49:09
parse_product,2025-10-16 13:49:09
parse_product,2025-10-16 13:49:13
parse_product,2025-10-16 13:49:13
parse_product,2025-10-16 13:49:13
parse_product,2025-10-16 13:49:13
parse_product,2025-10-16 13:49:16
parse_product,2025-10-16 13:49:16
parse_product,2025-10-16 13:49:16
parse_product,2025-10-16 13:49:16
parse_product,2025-10-16 13:49:19
parse_product,2025-10-16 13:49:19
parse_product,2025-10-16 13:49:20
parse_product,2025-10-16 13:49:21
parse_product,2025-10-16 13:49:21
parse_product,2025-10-16 13:49:25
